"RefDes","Name","Value","Pattern","Center X (mm)","Center Y (mm)","Side","Rotation"
"C1","CAP104-25V-0603","0.1uF","CC0603","9.335","12.319","Top","180.0"
"C2","CAP104-25V-0603","0.1uF","CC0603","8.128","19.685","Top","180.0"
"C3","CAP226-10V-0805","22uF","CAPC2012X140N","8.128","18.034","Top","180.0"
"C4","CAP106-16V-0805","10uF","CC0805","77.978","59.817","Top","180.0"
"C5","CAP105-25V-0603","1uF","CC0603","85.598","14.732","Top","270.0"
"C6","CAP100-50V-0603","10pF","CC0603","75.184","56.261","Top","90.0"
"C7","CAP226-10V-0805","22uF","CAPC2012X140N","71.755","56.261","Top","90.01"
"C8","CAP226-10V-0805","22uF","CAPC2012X140N","69.977","56.261","Top","90.0"
"C9","CAP104-25V-0603","0.1uF","CC0603","82.901","66.04","Top","180.0"
"C10","CAP105-16V-0603","1uF","CC0603","48.133","36.83","Top","0.0"
"C11","CAP105-16V-0603","1uF","CC0603","51.181","36.83","Top","0.0"
"C12","CAP105-25V-0603","1uF","CC0603","13.208","46.355","Top","180.0"
"C13","CAP105-25V-0603","1uF","CC0603","52.948","47.486","Top","180.0"
"C14","CAP106-50V-1206","10uF","CC1206","17.907","56.134","Top","180.0"
"C15","CAP105-25V-0603","1uF","CC0603","47.536","67.437","Top","90.0"
"C16","CAP105-25V-0603","1uF","CC0603","72.771","25.527","Top","270.0"
"C17","CAP103-50V-0603","10nF","CC0603","23.241","51.054","Top","270.0"
"C18","CAP105-25V-0603","1uF","CC0603","64.897","33.397","Top","270.0"
"C19","CAP105-25V-0603","1uF","CC0603","50.165","40.005","Top","270.0"
"C20","CAP226-10V-0805","22uF","CAPC2012X140N","32.131","57.912","Top","270.0"
"C21","GMC31X5R227M6R3NT","CAP227-6.3V-1206","CAP_GMC31_CCE","7.62","16.129","Top","180.0"
"D1","MMSZ5231B-7-F","5.1V 500mW","SOD-123","78.359","62.738","Top","0.0"
"D2","BAT54S","","SOT23","11.176","48.387","Top","0.0"
"D3","BAT54S","","SOT23","83.058","14.986","Top","270.0"
"D5","BAT54S","","SOT23","87.63","29.464","Top","90.0"
"D7","BAT54S","","SOT23","45.974","71.247","Top","270.0"
"GND","AWG18","","AWG18","92.837","22.479","Top","90.0"
"J1","B02B-XASK-1-A(LF)(SN)","","SHDRV2W60P250_2X1_750X640H880_AL1","54.209","72.644","Top","180.0"
"J4","3221-10-0300-00-TR","3221-10-0300-00-TR","CONN10_3221-10-0300_CNC","46.99","59.309","Top","0.0"
"L1","IND470nH_20pct","0.47uH","IND_INPAQ_WIP322512A_3p2x2p5_R47","81.788","57.277","Top","90.0"
"L2","AIP0630GX-2R2MPBDG","2.2uH","AIP0630GX-2R2MPBDG","27.94","56.769","Top","270.0"
"Q1","DMG3415U-7","FET Pch","SOT-23/X0.85","78.74","66.167","Top","0.0"
"Q2","DMG3415U-7","FET Pch","SOT-23/X0.85","79.375","29.718","Top","0.0"
"Q3","DMG3415U-7","FET Pch","SOT-23/X0.85","70.866","37.846","Top","0.0"
"Q4","DMG3415U-7","FET Pch","SOT-23/X0.85","52.832","54.102","Top","90.0"
"Q5","2N7002","FET Nch","SOT-23/X0.85","56.305","50.315","Top","0.0"
"Q6","2N7002","FET Nch","SOT-23/X0.85","75.819","25.824","Top","270.0"
"Q7","2N7002","FET Nch","SOT-23/X0.85","82.804","51.391","Top","270.0"
"Q8","2N7002","FET Nch","SOT-23/X0.85","67.945","33.738","Top","270.0"
"Q9","2N7002","FET Nch","SOT-23/X0.85","52.959","40.342","Top","270.0"
"R1","10.0KXT-0603","10.0K","CC0603","9.335","14.115","Top","0.0"
"R2","316KXE-0805","316K","RESC2012X60N","73.533","56.261","Top","90.0"
"R3","100KT-0603","100K","CC0603","73.533","59.69","Top","90.0"
"R4","1.0KXT-0603","1.0K","CC0603","88.265","13.97","Top","180.0"
"R5","100KT-0603","100K","CC0603","88.265","15.494","Top","0.0"
"R6","100KT-0603","100K","CC0603","75.946","66.04","Top","90.0"
"R7","1.0MEX-0603","1M","CC0603","82.901","62.738","Top","0.0"
"R8","1.0MEX-0603","1M","CC0603","82.901","64.389","Top","180.0"
"R9","316KXE-0805","316K","RESC2012X60N","14.732","48.514","Top","180.0"
"R10","100KT-0603","100K","CC0603","13.208","50.419","Top","0.0"
"R11","100KT-0603","100K","CC0603","58.039","57.404","Top","0.0"
"R12","1.0KXT-0603","1.0K","CC0603","52.948","50.788","Top","180.0"
"R13","100KT-0603","100K","CC0603","82.677","24.13","Top","270.0"
"R14","22E-0805","22ohm ","CC0805","91.694","30.353","Top","0.0"
"R15","100KT-0603","100K","CC0603","75.184","32.131","Top","270.0"
"R16","100KT-0603","100K","CC0603","52.948","49.137","Top","180.0"
"R17","1.0MEX-0603","1M","CC0603","84.074","57.277","Top","270.0"
"R18","1.0MEX-0603","1M","CC0603","34.544","54.229","Top","90.0"
"R19","316KXE-0805","316K","RESC2012X60N","45.974","67.437","Top","90.0"
"R20","100KT-0603","100K","CC0603","49.022","67.437","Top","270.0"
"R21","1.0KXT-0603","1.0K","CC0603","59.817","52.197","Top","270.0"
"R22","1.0KXT-0603","1.0K","CC0603","69.342","25.527","Top","270.0"
"R23","95.3KXT-0603","95.3K","RES_RC0603_YAG","21.844","51.308","Top","270.0"
"R24","100KT-0603","100K","CC0603","19.558","53.086","Top","270.0"
"R25","100KT-0603","100K","CC0603","80.01","51.181","Top","270.0"
"R26","100KT-0603","100K","CC0603","70.993","25.527","Top","270.0"
"R27","1.0KXT-0603","1.0K","CC0603","77.851","22.184","Top","180.0"
"R28","1.0KXT-0603","1.0K","CC0603","61.595","33.401","Top","270.0"
"R29","100KT-0603","100K","CC0603","63.246","33.401","Top","270.0"
"R30","1.0KXT-0603","1.0K","CC0603","69.85","30.226","Top","180.0"
"R31","1.0KXT-0603","1.0K","CC0603","46.863","40.005","Top","270.0"
"R32","10.0KXT-0603","10.0K","CC0603","48.514","40.005","Top","270.0"
"ROUT","AWG18","","AWG18","92.837","26.289","Top","90.0"
"SENSE","AWG18","","AWG18","92.837","18.669","Top","90.0"
"SW1","MK15-B-2","","MK15-B-2","28.067","46.101","Top","0.0"
"SW2","MK15-B-2","","MK15-B-2","67.183","46.101","Top","180.0"
"U1","ESP32-S3-WROOM-1-N4R2 w/ longer pads","ESP32-S3-WROOM-1-N4R2","ESP32-S3-WROOM","13.41","31.175","Top","90.0"
"U2","PE12864WRF-042H36Q","","PE12864WRF-042H36Q","47.625","33.654","Top","0.0"
"U3","TPS61021ADSGR","","SON50P200X200X80-9N","77.978","56.261","Top","360.0"
"U4","TPS62902RPJR","TPS62902RPJR","QFN_902RPJR_TEX","23.241","54.546","Top","0.0"
"U5","LM66100DCKR","","SOT65P210X110-6N","36.576","58.039","Top","0.0"
"Z1","SMAZ5V1-13-F","5.1V","SMX","73.025","32.258","Top","90.0"
"Z2","SMAZ5V1-13-F","5.1V","SMX","80.518","24.257","Top","90.0"
"Z3","SMAZ5V1-13-F","5.1V","SMX","57.912","55.245","Top","180.0"
