"#"|"Quantity"|"Name"|"DIST P/N"|"Part No"|"Value"|"RefDes"|"Location"
"1"|"3"|"CAP104-25V-0603"|"CAP104-25V-0603"|""|"0.1uF"|"C1, C2, C9"|"CT3/4-28 F"
"2"|"4"|"CAP226-10V-0805"|""|"GRM21BR61A226ME51L"|"22uF"|"C3, C7, C8, C20"|"NEW PART"
"3"|"1"|"CAP106-16V-0805"|"CAP106-16V-0805"|""|"10uF"|"C4"|"CT3/3-13 B"
"4"|"7"|"CAP105-25V-0603"|"C0603C105Z3VACTU"|""|"1uF"|"C5, C12, C13, C15, C16, C18, C19"|"CT6/3-25B"
"5"|"1"|"CAP100-50V-0603"|"CAP100-50V-0603"|""|"10pF"|"C6"|"CT3/4-25 B"
"6"|"2"|"CAP105-16V-0603"|"CAP105-16V-0603"|""|"1uF"|"C10, C11"|"CT3/4-31 F"
"7"|"1"|"CAP106-50V-1206"|"CAP106-50V-1206"|""|"10uF"|"C14"|"CT3/5-51 F"
"8"|"1"|"CAP103-50V-0603"|"C0603C103J5RAC7867"|""|"10nF"|"C17"|"CT6/5-20 B"
"9"|"1"|"GMC31X5R227M6R3NT"|""|""|"CAP227-6.3V-1206"|"C21"|"New Part"
"10"|"1"|"MMSZ5231B-7-F"|"MMSZ5231B-7-F"|""|"5.1V 500mW"|"D1"|""
"11"|"4"|"BAT54S"|"BAT54S"|""|""|"D2, D3, D5, D7"|""
"12"|"3"|"AWG18"|""|""|""|"GND, ROUT, SENSE"|""
"13"|"1"|"B02B-XASK-1-A(LF)(SN)"|""|""|""|"J1"|""
"14"|"1"|"3221-10-0300-00-TR"|""|""|"3221-10-0300-00-TR"|"J4"|""
"15"|"1"|"IND470nH_20pct"|""|""|"0.47uH"|"L1"|"NEW PART"
"16"|"1"|"AIP0630GX-2R2MPBDG"|""|""|"2.2uH"|"L2"|""
"17"|"4"|"DMG3415U-7"|"DMG3415U-7"|""|"FET Pch"|"Q1, Q2, Q3, Q4"|"CT3/5-13B"
"18"|"5"|"2N7002"|"2N7002"|""|"FET Nch"|"Q5, Q6, Q7, Q8, Q9"|"CT6/3-24 F"
"19"|"2"|"10.0KXT-0603"|"10.0KXT-0603"|""|"10.0K"|"R1, R32"|"CT6/6-22 B"
"20"|"3"|"316KXE-0805"|"CR0805-FX-3163ELF"|""|"316K"|"R2, R9, R19"|"NEW PART"
"21"|"13"|"100KT-0603"|"100KT-0603"|""|"100K"|"R3, R5, R6, R10, R11, R13, R15, R16, R20, R24, R25, R26, R29"|"CT6/6-24 B"
"22"|"8"|"1.0KXT-0603"|"1.0KXT-0603"|""|"1.0K"|"R4, R12, R21, R22, R27, R28, R30, R31"|"CT6/6-04 B"
"23"|"4"|"1.0MEX-0603"|"RHM1.00MCTR-ND"|""|"1M"|"R7, R8, R17, R18"|""
"24"|"1"|"22E-0805"|"22E-0805"|""|"22ohm "|"R14"|""
"25"|"1"|"95.3KXT-0603"|""|""|"95.3K"|"R23"|"NEW PART"
"26"|"2"|"MK15-B-2"|""|""|""|"SW1, SW2"|""
"27"|"1"|"ESP32-S3-WROOM-1-N4R2 w/ longer pads"|""|""|"ESP32-S3-WROOM-1-N4R2"|"U1"|""
"28"|"1"|"PE12864WRF-042H36Q"|""|""|""|"U2"|""
"29"|"1"|"TPS61021ADSGR"|""|""|""|"U3"|""
"30"|"1"|"TPS62902RPJR"|""|""|"TPS62902RPJR"|"U4"|""
"31"|"1"|"LM66100DCKR"|""|""|""|"U5"|""
"32"|"3"|"SMAZ5V1-13-F"|"SMAZ5V1-13-F"|""|"5.1V"|"Z1, Z2, Z3"|"CT1/2-08"
